provider_id|provider_specialty|first_name|middle_name|last_name
47259|Urology|Bessie|B|Kuphal
17847|Cardiology|Candice|C|Block
61554|Psychiatry|Margaret|B|Bartell
81254|Gastroenterology|Lenny|B|Brown
67427|Rheumatology|Julien|B|Daugherty
60537|Sports Medicine|Rowena|A|Mertz
59071|Cardiology|Napoleon|A|Barrows
86128|Chiropractic|Roy|C|Reichel
16802|Dermatology|Lavon|C|Stokes
46275|General Practice|Tiara|A|Leannon
24489|Psychiatry|Brenna|A|Hayes
72985|Psychiatry|Jose|A|Stoltenberg
40364|Nephrology|Garfield|C|Kunde
79757|Nephrology|Bernadette|B|Mertz
47591|Dermatology|Verner|C|Strosin
1229|Dermatology|Jensen|C|Walker
66820|Urology|Nettie|B|MacGyver
12696|Psychiatry|Trent|A|Hagenes
18655|General Practice|Alysson|B|Wolff
93100|Chiropractic|Wilfredo|B|Borer
58911|Geriatric Medicine|Rolando|B|Langworth
45558|Urology|Antoinette|A|Wisoky
22331|Optometry|Anissa|A|Pfannerstill
68627|Geriatric Medicine|Lorenz|A|Emmerich
73462|Geriatric Medicine|Jazlyn|B|Runolfsson
10393|Unknown Provider|Pauline|C|Satterfield
49557|Cardiology|Amanda|A|Abbott
9818|Urology|Arthur|C|Collins
69499|Optometry|Odie|B|Harber
78525|Internal Medicine|Sabrina|C|Heathcote
45355|Geriatric Medicine|Princess|B|Greenholt
69247|Gastroenterology|Allen|B|Koepp
22570|Nephrology|Broderick|A|Huel
58031|Optometry|Jarrell|C|Walsh
52957|Psychiatry|Hassie|C|Hilll
73373|Psychiatry|Rudy|A|Block
55131|Sports Medicine|Kamren|A|Heidenreich
31822|Urology|Elliott|C|Schneider
84177|Dermatology|Guiseppe|C|Stanton
31794|Sports Medicine|Wyman|A|Conroy
70764|Optometry|Ward|C|Johns
66784|Chiropractic|Alanna|A|Wunsch
98355|General Practice|Moses|C|Corwin
14407|Urology|Hershel|C|Pagac
26377|Cardiology|Dejah|A|O'Hara
56155|Rheumatology|Rickie|C|Roob
52925|Psychiatry|Daren|A|Ratke
67430|Unknown Provider|Darryl|B|Ratke
99487|Internal Medicine|Linda|A|Hamill
39602|Dermatology|Hipolito|B|Schmitt
9020|Gastroenterology|Waino|A|Parisian
24959|Gastroenterology|Verner|B|Douglas
7120|Chiropractic|Gerald|C|Koelpin
31993|Sports Medicine|Jonathon|A|McLaughlin
99407|Unknown Provider|Elena|B|Brakus
11522|Sports Medicine|Chaz|A|Kulas
25636|Sports Medicine|Barrett|B|Roob
34977|Urology|Bailee|B|Feest
25024|Cardiology|Frida|B|Rolfson
8431|Sports Medicine|Demario|C|Runolfsdottir
85504|Geriatric Medicine|Alessia|C|Goyette
69309|Dermatology|Yesenia|C|Ritchie
56441|Dermatology|Lisandro|A|Lynch
94997|Urology|Delpha|C|Wiza
26648|Dermatology|Iliana|B|Cronin
53466|Unknown Provider|Bill|A|Fahey
81617|Hematology|Ernie|C|Bechtelar
4736|Dermatology|Rosa|A|Rempel
50513|Chiropractic|Carlotta|C|Klein
36615|Gastroenterology|Tamara|C|Yost
97086|Hematology|Clinton|A|Borer
57|Urology|Elaina|C|Kuhn
89314|Gastroenterology|Porter|C|McCullough
67322|Urology|Wilbert|B|Mosciski
95348|Urology|Kendrick|B|Schmeler
92864|Urology|Coy|C|Graham
9703|Urology|Ike|B|Bins
81661|Optometry|Marcos|A|Mante
59373|Optometry|Clara|C|Thompson
77617|General Practice|Holden|A|Emard
77154|Urology|Linda|B|Towne
45887|Optometry|Tia|C|Weissnat
81832|Rheumatology|Jaida|B|Bradtke
25066|Sports Medicine|Destiney|A|Blick
14077|General Practice|Davion|B|Ledner
86935|Nephrology|Marty|C|Rempel
24060|Psychiatry|Woodrow|A|Labadie
86272|Chiropractic|Dolly|B|Parker
27656|Internal Medicine|Lorna|C|Harris
33775|Rheumatology|Jessika|C|Emmerich
99084|Optometry|Justus|C|Wintheiser
61785|Urology|Tressa|B|Turner
2100|Chiropractic|Kasandra|A|Kunde
59609|Dermatology|Marielle|A|D'Amore
13219|Urology|Kay|B|Brown
50511|Geriatric Medicine|Jodie|A|Corkery
44334|Urology|Maynard|A|Kozey
36665|Nephrology|Nova|C|Johns
3018|Geriatric Medicine|Amya|C|DuBuque
64998|Geriatric Medicine|Conner|B|Hermann
51152|Urology|Baron|B|Weissnat
27051|Unknown Provider|Granville|C|Kohler
73147|Psychiatry|Gerson|B|Hilpert
2572|Nephrology|Natasha|A|Little
8818|Dermatology|Arnoldo|B|Kris
41201|Internal Medicine|Domenica|B|Wiza
43230|Urology|Clotilde|C|McKenzie
40272|Urology|Cecelia|B|Watsica
70484|Urology|Chelsie|A|Hansen
94337|General Practice|Shanelle|B|Langworth
64919|Urology|Hilario|A|Cummings
43579|Chiropractic|Dewitt|B|Spencer
52033|Internal Medicine|Kenyatta|C|Bruen
34104|Cardiology|Andreanne|B|Murphy
99399|Psychiatry|Amiya|A|Kreiger
5350|Unknown Provider|Janessa|B|Stracke
18041|Gastroenterology|Jessyca|B|Raynor
66642|Dermatology|Kasey|A|Mueller
23669|Unknown Provider|Ollie|B|Cassin
29211|Urology|Vince|C|West
85117|Internal Medicine|Grant|B|Zboncak
26877|Psychiatry|Jordane|C|Greenholt
58239|Dermatology|Maryjane|C|Schaden
47297|Dermatology|Raul|C|Kreiger
64437|General Practice|Gordon|C|Torphy
8393|Unknown Provider|Keegan|C|Weber
77967|Urology|Kavon|A|Schulist
83126|Unknown Provider|Bennie|A|Brekke
32846|Cardiology|Billy|B|Hartmann
53480|Urology|Fletcher|B|Padberg
84223|Urology|Niko|A|Shields
19065|Unknown Provider|Brionna|B|O'Conner
8224|Unknown Provider|Lilly|A|Gutkowski
20277|Rheumatology|Emery|A|Senger
43456|Nephrology|Deon|A|Baumbach
4012|Gastroenterology|Tyler|C|Lemke
33021|Unknown Provider|Lela|C|Denesik
4841|Sports Medicine|Tod|B|Dietrich
42501|Dermatology|Lera|A|Stark
70548|Urology|Mayra|C|Gerlach
11670|Nephrology|Esmeralda|C|Jacobi
7156|Internal Medicine|Shannon|B|Thiel
98005|Hematology|Ruthe|C|Kihn
39525|Gastroenterology|Jordyn|C|Orn
2263|Hematology|Joe|B|Hirthe
8866|Optometry|Devin|B|Hirthe
62761|Internal Medicine|Madie|A|Koch
90979|Cardiology|Cara|A|Lynch
78333|Rheumatology|Denis|C|Ziemann
84884|Urology|Keon|B|Champlin
25322|Hematology|Phoebe|A|Huel
35625|Nephrology|Cecil|C|Shields
87645|Cardiology|Pink|B|Zulauf
62713|Sports Medicine|Lolita|A|Wiza
27180|Rheumatology|Wyman|A|Heidenreich
69185|Chiropractic|Laila|C|Lehner
25341|Urology|Marcelle|C|Hickle
59180|Geriatric Medicine|Aaliyah|C|Labadie
8647|Sports Medicine|Janis|A|Mohr
32052|Unknown Provider|Glenda|B|Kulas
20240|Cardiology|Tressa|A|Schaefer
89722|Cardiology|Leola|B|Dickinson
9872|Unknown Provider|Lazaro|A|Rosenbaum
12744|Unknown Provider|Brook|A|Zboncak
97720|Urology|Foster|C|Kuhn
4692|Hematology|Harrison|A|Von
3673|Geriatric Medicine|Ryan|B|Bogan
66103|Unknown Provider|Elouise|C|Williamson
19838|Unknown Provider|Madison|A|Hettinger
8153|Urology|Abby|B|Feest
39462|Optometry|Filiberto|B|Bogisich
53096|Internal Medicine|Nolan|B|DuBuque
84262|Optometry|Henriette|B|Wintheiser
26464|Cardiology|Aleen|C|Hintz
66093|Cardiology|Roxanne|A|Greenfelder
52461|Gastroenterology|Tianna|C|Walsh
96356|Internal Medicine|Javon|C|Grant
64538|Dermatology|Zena|A|Legros
29893|Cardiology|Camilla|A|Lakin
20414|Cardiology|Mathias|B|Pfannerstill
39276|Rheumatology|Sean|B|Heller
88995|Dermatology|Pasquale|A|Breitenberg
89943|Geriatric Medicine|Javon|A|Batz
44200|Unknown Provider|Genesis|B|Kertzmann
83163|Unknown Provider|Calista|C|Tillman
23428|Unknown Provider|Jedediah|C|Lindgren
99014|Unknown Provider|Brendan|A|Johns
83913|Urology|Leila|A|Koelpin
23080|Gastroenterology|Raven|C|Murray
99076|Psychiatry|Annabel|B|Lang
17727|Geriatric Medicine|Tatyana|C|Lynch
27293|Nephrology|Jace|C|Moore
7805|Geriatric Medicine|Andy|C|Koss
9243|Geriatric Medicine|Reagan|C|Rau
77221|Optometry|Maybell|A|O'Kon
83331|Optometry|Cleta|B|Jast
88793|Psychiatry|Genoveva|C|Kreiger
26741|Optometry|Isai|C|Kuhic
96931|Cardiology|Sabrina|A|Bartoletti
61179|Cardiology|Marianne|B|Feil
77357|Cardiology|Tianna|B|Kemmer
98038|Psychiatry|Marjory|B|Connelly
67349|General Practice|Jadon|B|Gorczany
58794|Cardiology|Mose|C|McCullough
82030|Nephrology|Garrick|C|Klein
79461|Psychiatry|Tod|B|Littel
5834|Unknown Provider|Aiyana|B|Ledner
35514|Hematology|Prince|C|Rohan
25051|Unknown Provider|Ruben|A|Armstrong
46965|Cardiology|Floyd|B|Harris
43905|Nephrology|Hiram|A|Quigley
47770|Cardiology|Carol|C|Lesch
96313|Urology|Oran|A|Crooks
36912|Urology|Erling|A|Cummerata
85831|Cardiology|Don|B|Bartell
44578|Cardiology|Thurman|A|Lemke
57438|Hematology|Carter|A|Schowalter
40670|Chiropractic|Ashleigh|B|Botsford
35157|Unknown Provider|Hollis|C|Altenwerth
29546|Rheumatology|Dudley|B|Kilback
65255|Rheumatology|Elna|A|Glover
70160|General Practice|Evan|A|Cormier
73508|Hematology|Houston|B|Wilkinson
2634|Sports Medicine|Kirstin|B|Shields
47035|Unknown Provider|Betsy|C|Kemmer
23725|Sports Medicine|Angus|A|Waelchi
4425|Psychiatry|Weston|B|Leuschke
17200|Cardiology|Marilie|B|Swift
97215|Psychiatry|Myles|A|Schroeder
65068|Sports Medicine|Alda|B|Kerluke
669|Rheumatology|Zoey|A|Weissnat
23674|Rheumatology|Ubaldo|C|Rolfson
88173|Urology|Lula|A|Kautzer
18934|Hematology|Valerie|C|Yost
10232|Urology|Raymundo|A|Rutherford
18755|Rheumatology|Jakayla|B|Nader
21310|General Practice|Doris|A|O'Keefe
93848|Urology|Alexys|C|Larson
53701|Sports Medicine|Pasquale|C|Kub
98721|Gastroenterology|Halie|B|Bergnaum
72693|Unknown Provider|Javon|B|Sanford
63144|Unknown Provider|Sonya|B|Sanford
7166|Hematology|Burnice|B|Marvin
21326|Hematology|Granville|B|Keeling
68822|Optometry|Kaylie|B|Gusikowski
20108|Psychiatry|Amina|C|Dickens
88107|Sports Medicine|Nelle|A|Ledner
40467|Rheumatology|Hermina|A|Nikolaus
77487|Urology|Odie|B|Murphy
2541|Gastroenterology|Ethan|A|Miller
7658|Rheumatology|Vernie|B|Krajcik
87987|Rheumatology|Dakota|C|Murphy
40137|General Practice|Jovanny|B|Rodriguez
9853|Optometry|Mateo|B|Hahn
54995|Gastroenterology|Jaydon|C|Reynolds
29868|Gastroenterology|Justice|C|Jacobson
82503|Hematology|Kory|C|Willms
21504|Urology|Breanna|B|Schuppe
28550|Urology|Erica|C|Larkin
89977|Hematology|Jefferey|A|Bechtelar
50046|Chiropractic|Shania|B|Satterfield
76919|Sports Medicine|Lolita|C|Grant
8150|Chiropractic|Marilou|B|Hoeger
53942|Urology|Braden|B|White
72538|Urology|Flossie|B|Jacobson
63629|Optometry|Johan|B|West
9378|Optometry|Stephania|C|Kihn
86183|Cardiology|Louie|C|Prohaska
21544|Hematology|Ken|B|Heidenreich
91052|Optometry|Jerald|A|Bartoletti
55504|Psychiatry|Tillman|B|Ruecker
25445|Dermatology|Haskell|C|Bernhard
1793|Nephrology|Elinor|C|Gottlieb
20416|Urology|Xzavier|A|Emmerich
22746|Urology|Jada|A|Hauck
28554|Rheumatology|Myrl|A|Fadel
64896|Unknown Provider|Noemi|A|Becker
17346|Gastroenterology|Eldora|C|Mann
73149|General Practice|Jewell|B|Weimann
1254|Nephrology|Stephan|B|Homenick
54761|Hematology|Verlie|C|Carter
61174|Dermatology|Elroy|B|D'Amore
61051|Gastroenterology|Cheyanne|A|Howell
56555|General Practice|Kaelyn|A|Prohaska
78099|Gastroenterology|Newell|C|Walker
73000|Cardiology|Lulu|B|Simonis
70289|Dermatology|Matilde|B|Howell
39644|Chiropractic|Gail|B|Romaguera
23327|Optometry|Travis|B|Prosacco
85231|Urology|Pedro|B|Corkery
63596|Internal Medicine|Darrell|B|Pagac
94254|Psychiatry|Fredrick|B|Lynch
62452|Nephrology|Albina|B|Jast
80091|Internal Medicine|Alfred|A|Schamberger
79025|Internal Medicine|Ally|A|Bahringer
89345|Urology|Meghan|C|Rippin
95394|Sports Medicine|Erika|A|Dickinson
44648|Chiropractic|Cleveland|B|Schmidt
63811|Dermatology|Emiliano|A|Klein
76706|Gastroenterology|Antonia|B|McGlynn
6448|General Practice|Margaretta|C|Cartwright
42672|Chiropractic|Kailey|B|Krajcik
34853|Hematology|Julianne|C|Bins
12792|Cardiology|Garrick|B|Dibbert
3361|Optometry|Noel|B|Sauer
61608|Psychiatry|Craig|A|Wunsch
24830|Cardiology|Karolann|A|Glover
76261|Dermatology|Santina|C|Kovacek
84490|Nephrology|Nova|B|Lynch
8210|Urology|Martin|A|Ryan
509|Geriatric Medicine|Ubaldo|A|Hand
38632|Unknown Provider|Ariane|A|Block
789|Rheumatology|Sunny|A|Toy
85868|Unknown Provider|Korey|A|West
42305|Psychiatry|Elbert|B|Goyette
23524|Psychiatry|Wilson|C|Ward
92974|Psychiatry|Lennie|B|Zboncak
3421|General Practice|Ron|B|Keeling
9466|Unknown Provider|Alberto|C|O'Hara
22397|Nephrology|Madalyn|B|Schneider
99614|General Practice|Julien|A|Wintheiser
12699|Cardiology|Elijah|B|Runolfsdottir
86671|Chiropractic|Camilla|C|Larson
40350|Unknown Provider|Leo|B|Krajcik
9858|Unknown Provider|Marian|C|Schinner
73580|General Practice|Nina|B|Carroll
79719|Cardiology|Kraig|C|Schroeder
44258|Cardiology|Arlene|B|Marvin
56276|Dermatology|Cristina|B|Ullrich
85474|Dermatology|Samson|C|Buckridge
92580|Cardiology|Tatum|A|Schowalter
27612|Urology|Charley|B|Bauch
69924|General Practice|Rickie|A|Renner
77978|Gastroenterology|Shanny|B|Champlin
95336|Chiropractic|Sophia|A|Jakubowski
28991|General Practice|Cecile|C|Ankunding
11075|Dermatology|Alexandro|A|Towne
30207|Nephrology|Caleigh|B|Waelchi
35039|Nephrology|Jadon|B|Kertzmann
88587|Nephrology|Judson|B|Herman
16571|Gastroenterology|Flavie|B|Krajcik
97102|Geriatric Medicine|Enos|B|Ledner
6032|Rheumatology|Leda|C|Treutel
36866|Dermatology|Georgiana|C|Barrows
21886|Dermatology|Earnest|B|Schiller
72510|Unknown Provider|Francesca|B|Cruickshank
7625|Sports Medicine|Maurice|A|Fahey
10096|Nephrology|Cory|A|Runolfsson
34795|Nephrology|Allen|A|Raynor
86392|Urology|Daphne|A|Hane
18125|Psychiatry|Joe|B|Stamm
54593|Urology|Melyna|A|Kerluke
93612|Internal Medicine|Carlotta|C|Haag
7735|General Practice|Rolando|A|Ratke
95081|Urology|Lucious|B|Blick
11309|Internal Medicine|Zula|A|Wiza
93357|Chiropractic|Larue|C|Abbott
54288|Dermatology|Marie|C|Considine
1740|Geriatric Medicine|Micah|A|Kovacek
15965|Optometry|Janick|B|Altenwerth
13104|Hematology|Tia|B|Schmitt
67460|Cardiology|Jay|C|Mohr
26255|Nephrology|Marcia|B|Herman
50927|Nephrology|Christy|B|Schroeder
98830|Cardiology|Cornelius|B|Gislason
23056|Internal Medicine|Tabitha|C|Hamill
88549|Chiropractic|Deion|B|Kuvalis
51985|Nephrology|Joelle|B|VonRueden
27988|Optometry|Brooke|A|Rodriguez
42753|Psychiatry|Sabrina|B|Roob
99672|Rheumatology|Deshaun|A|Gutkowski
78749|Dermatology|May|A|Roberts
9273|Rheumatology|Chance|B|Bogisich
21343|Chiropractic|Issac|C|Bayer
72481|Dermatology|Aryanna|B|Lockman
86202|Rheumatology|Trudie|C|Powlowski
1177|Rheumatology|Yazmin|A|Tremblay
66408|Optometry|Berry|C|Upton
19302|General Practice|Lola|A|Beahan
50024|Geriatric Medicine|Justine|B|Graham
97582|Internal Medicine|Juvenal|C|Howe
37835|Optometry|Olen|C|Reichert
75960|Geriatric Medicine|Gunnar|B|Jakubowski
16744|Sports Medicine|Isabel|B|Wehner
12658|Cardiology|Salvador|C|Langosh
1570|Optometry|Maryse|B|Keeling
31856|Internal Medicine|Jalon|A|Weissnat
87722|Chiropractic|Marina|A|Deckow
96821|Psychiatry|Waylon|A|Donnelly
76059|General Practice|Kian|C|Maggio
70233|Rheumatology|Armando|C|Jaskolski
76980|Psychiatry|Norris|A|Marks
3896|Psychiatry|Kareem|A|Beier
53208|General Practice|Tanya|A|Torp
73774|Cardiology|Werner|B|Hackett
37390|Psychiatry|Callie|C|Effertz
37917|Urology|Enrico|A|Beahan
71564|Rheumatology|Daphney|B|Nienow
8266|Unknown Provider|Hanna|A|Crooks
85872|Unknown Provider|Sister|A|Gutmann
43463|Gastroenterology|Gladyce|C|Kuhn
75509|Nephrology|Lloyd|B|Abbott
29031|Internal Medicine|Elnora|A|Larson
78082|Nephrology|Estella|B|Conroy
43124|Rheumatology|Ansel|A|Hand
28871|Chiropractic|Armand|B|Hilll
548|Geriatric Medicine|Isac|B|Mosciski
86440|Hematology|Dalton|B|Moore
69834|Nephrology|Mercedes|C|Schiller
57370|Optometry|Jamarcus|B|MacGyver
8574|Internal Medicine|Ethelyn|B|Bernhard
76765|Cardiology|Garth|C|Balistreri
17493|Unknown Provider|Diego|A|Ratke
51526|Unknown Provider|Estevan|A|Kerluke
59232|Urology|Malcolm|B|Heller
1653|Sports Medicine|Lucile|C|Fahey
28936|Sports Medicine|Celine|B|Daniel
74919|Chiropractic|Wiley|A|Rath
11080|Gastroenterology|Aurelio|B|Bogisich
12310|Unknown Provider|Merl|C|Cronin
36333|Rheumatology|Burley|A|Hodkiewicz
19922|Hematology|Osvaldo|B|Ward
46778|Gastroenterology|Carole|B|Kuvalis
91964|Geriatric Medicine|Esmeralda|A|Nitzsche
96307|Geriatric Medicine|Wilfred|C|Goodwin
8721|Internal Medicine|Clark|B|Dicki
85227|Psychiatry|Leonor|A|Labadie
31544|Chiropractic|Dillon|A|Nitzsche
18321|Urology|Antonina|B|Hilpert
2381|Rheumatology|Scot|C|Koelpin
50676|Rheumatology|Kraig|A|Rippin
21830|Psychiatry|Lupe|A|Cummings
68840|Urology|Toby|C|Prohaska
18763|Urology|Maxie|B|Bogisich
6710|Rheumatology|Deion|A|Morissette
8862|Rheumatology|Norwood|C|Towne
82338|Psychiatry|Cathryn|C|Rosenbaum
82338|Geriatric Medicine|Gunnar|A|Jast
48069|Unknown Provider|Jazmyn|A|Mante
63744|General Practice|Georgiana|B|Hegmann
66487|Nephrology|Hollie|B|Stracke
34068|Geriatric Medicine|Ursula|C|D'Amore
15301|Rheumatology|Leone|A|Yundt
97594|Sports Medicine|Tess|C|Barrows
14498|Rheumatology|Ramona|C|Leannon
41161|Geriatric Medicine|Bertrand|A|Nicolas
58618|Optometry|Jonas|A|Hartmann
1799|Rheumatology|Yvette|C|Dooley
75195|Dermatology|Wilfrid|C|Wehner
37787|Hematology|Darrin|A|Cummerata
76886|Hematology|Herta|C|Russel
65693|Gastroenterology|Alexys|A|Klocko
80424|Rheumatology|Antwan|C|Raynor
60468|Dermatology|Robin|A|Cartwright
97261|Internal Medicine|Dena|A|Daniel
66791|Cardiology|Ola|B|Schoen
28710|Cardiology|Alessandro|C|Ritchie
85465|Dermatology|Halie|C|Rippin
61677|Dermatology|Delmer|B|Rau
32198|Dermatology|Herminia|B|Lockman
55494|Cardiology|Velma|C|Bogisich
41280|Chiropractic|Mariela|A|Pfeffer
59838|General Practice|Benjamin|A|Metz
95159|Optometry|Britney|B|Wolf
49154|Nephrology|Calista|A|Christiansen
78464|Psychiatry|Emanuel|A|McCullough
86300|Psychiatry|Ora|B|Dare
89596|Nephrology|Brycen|A|Blanda
4434|Hematology|Jamel|A|Will
98268|Geriatric Medicine|Laura|C|Dooley
11431|Urology|Ivah|A|Jacobi
94469|Urology|Jordon|C|Harvey
62178|Gastroenterology|Mervin|A|Mueller
59127|Nephrology|Virginie|C|Legros
59695|Urology|Marcos|C|Buckridge
30023|Cardiology|Neoma|A|Runte
88273|Dermatology|Jaren|A|Tremblay
45590|Gastroenterology|Althea|B|Wehner
60809|Dermatology|Skye|A|Stoltenberg
32840|Chiropractic|Enoch|C|Lowe
80481|Optometry|Jeramie|C|Reilly
37078|Optometry|Augusta|C|Bogisich
48824|Optometry|Keshaun|C|Treutel
16139|Urology|Larue|A|Fritsch
22345|Urology|Percival|B|Lynch
53538|Hematology|Millie|C|Gibson
5089|Sports Medicine|Bradly|C|Smitham
99454|Urology|Dell|B|Lehner
49578|Urology|Mayra|A|Kub
55785|Nephrology|Ruthie|A|O'Reilly
77290|Nephrology|Abbie|B|Kozey
23027|General Practice|Jessie|A|Crooks
99517|General Practice|Kiara|A|Moen
33172|General Practice|Selina|C|Larkin
86038|Internal Medicine|Zachery|B|Donnelly
54877|Psychiatry|Alfonzo|C|Tromp
68172|Geriatric Medicine|Nickolas|A|Turner
22615|Psychiatry|Kristin|B|Tillman
12105|Psychiatry|Marcos|A|Green
46120|Internal Medicine|Karley|C|Durgan
59145|Rheumatology|Thaddeus|A|Weissnat
70948|Sports Medicine|Edwina|A|Konopelski
95604|Hematology|Heidi|A|Ledner
98300|Psychiatry|George|A|Mitchell
25937|Urology|Naomi|A|Schinner
69179|Gastroenterology|Dawn|A|Lowe
91789|Rheumatology|Keon|A|Sawayn
3198|Rheumatology|Carrie|B|Reichert
40150|Psychiatry|Rebecca|A|Quigley
30803|Unknown Provider|Deshaun|A|Murphy
75717|Cardiology|Doug|B|Marks
43605|Urology|Gwen|B|Kuhlman
64355|Unknown Provider|Kamryn|C|Russel
44474|Chiropractic|Dahlia|B|Bednar
26938|Nephrology|Erica|A|Emmerich
5395|Nephrology|Koby|B|Casper
58456|Nephrology|Jonathan|B|Dare
32610|Nephrology|Nella|C|Swaniawski
47467|Optometry|Maximus|A|Koepp
67601|Rheumatology|Antonietta|A|Larson
48282|Hematology|Jensen|A|Kunze
19909|Cardiology|Reese|C|Anderson
52377|Unknown Provider|Berta|A|Veum
21236|Chiropractic|Kendall|A|Pouros
24869|Rheumatology|Chet|B|Breitenberg
6947|Geriatric Medicine|Stone|B|Ortiz
55146|Gastroenterology|Grant|C|Klocko
13593|Urology|Marcella|A|Jones
69762|Cardiology|Daryl|B|Ziemann
29460|Rheumatology|Ryan|B|Keeling
4773|Gastroenterology|Maximillia|A|Muller
71563|Internal Medicine|Anita|C|Miller
88746|Unknown Provider|Giles|B|Lebsack
98279|Dermatology|Mervin|B|Kshlerin
50400|Geriatric Medicine|Marion|C|Bartell
35515|Geriatric Medicine|Hunter|A|Torp
61142|Urology|Vidal|B|Wilderman
76176|Internal Medicine|Gordon|A|Heidenreich
18451|Chiropractic|Eusebio|A|Stamm
64785|Cardiology|Greg|C|Parker
38457|Hematology|Brooke|C|Krajcik
3512|Gastroenterology|Alyson|C|Abshire
82185|Urology|Lilla|B|Padberg
96433|Urology|Javier|A|Lang
27079|Internal Medicine|Frederique|A|Heathcote
33220|Chiropractic|Vicenta|C|Nader
67339|Chiropractic|Ephraim|C|Gutmann
68228|Cardiology|Abigayle|C|O'Reilly
69806|Gastroenterology|Lizeth|C|Koch
12201|Optometry|Alene|C|Smitham
95817|Psychiatry|Kellie|A|Franey
6972|Sports Medicine|Colin|B|Waelchi
65513|Optometry|Emmet|A|Lockman
47198|Rheumatology|Jeff|B|Bode
88765|Rheumatology|Ashly|A|Morissette
85156|Nephrology|Cullen|A|Aufderhar
59904|Nephrology|Niko|B|Anderson
90871|Psychiatry|Guadalupe|C|Schmitt
5016|General Practice|Elise|A|Halvorson
60529|Psychiatry|Jaylin|A|Cartwright
75084|Psychiatry|Julius|A|Kuhlman
15370|Sports Medicine|Kieran|A|Moen
36986|Nephrology|Dewitt|B|Schoen
58884|Nephrology|Carole|A|Gutkowski
24143|Rheumatology|Katlynn|A|Pfeffer
81698|Hematology|Jude|A|Koepp
38332|Dermatology|Lucius|C|Balistreri
23459|Gastroenterology|Alisa|B|Howell
67294|Gastroenterology|Iliana|A|Considine
37410|Geriatric Medicine|Garry|A|Huel
16093|Unknown Provider|Pierre|C|Pagac
499|Rheumatology|Annamarie|A|Bechtelar
29980|Gastroenterology|Rashawn|C|Gottlieb
43685|Geriatric Medicine|Bartholome|A|Fritsch
36479|Hematology|Haven|A|Fisher
61573|Unknown Provider|Nadia|A|Stroman
97845|Unknown Provider|Stephania|C|Gottlieb
97994|Geriatric Medicine|Garrick|B|MacGyver
1789|Psychiatry|Dewitt|C|Frami
88214|Urology|Gilda|C|Kunde
33475|Hematology|Cristobal|A|Reichel
29635|General Practice|Ally|B|Friesen
46457|Psychiatry|Vivian|A|Koss
4336|Urology|Calista|B|Herman
39911|Internal Medicine|Myriam|A|Kiehn
73759|Gastroenterology|Jacynthe|A|Welch
54111|Cardiology|Else|B|Thiel
7367|Gastroenterology|Liza|B|O'Reilly
65897|Optometry|Shanny|C|Satterfield
82867|Gastroenterology|Mose|A|Huels
12110|Hematology|Edna|A|Jacobi
48916|Hematology|Delfina|B|O'Reilly
56752|Hematology|Alanna|A|Nolan
21228|Sports Medicine|Alec|B|Hegmann
37510|Rheumatology|Georgianna|C|Reynolds
65395|Hematology|Dayana|C|Prohaska
4573|Rheumatology|Tillman|C|Pagac
76524|Hematology|Tyrell|C|Kutch
69576|Geriatric Medicine|Forest|B|Williamson
98228|Internal Medicine|Mazie|A|Wisozk
75238|Internal Medicine|Isai|C|Wunsch
7875|Rheumatology|Enoch|C|Schulist
8296|Hematology|Jerod|A|Miller
44248|Internal Medicine|Abigale|C|Koch
50693|Nephrology|Marjolaine|C|Pollich
47019|Nephrology|Jazmyne|A|Lynch
23290|Sports Medicine|Piper|C|Lindgren
82117|General Practice|Meaghan|B|Rippin
28572|Internal Medicine|Mason|A|Weimann
99979|Optometry|Austyn|C|Cassin
44769|Hematology|Eliseo|A|Ruecker
61790|Psychiatry|Brandt|B|Lowe
98075|Unknown Provider|Marietta|A|Nicolas
97040|Rheumatology|Ava|A|Bayer
41444|Sports Medicine|Fabiola|A|Frami
44096|Sports Medicine|Dorothea|C|Morissette
26910|Hematology|Cielo|B|Connelly
12800|Urology|Nasir|C|Davis
6017|Unknown Provider|Danyka|A|Leffler
11977|Psychiatry|Katelin|B|Bernier
62720|General Practice|Taya|B|Hodkiewicz
42820|Chiropractic|Kaitlin|A|Bailey
28951|Psychiatry|Kayley|A|Wolf
36184|Psychiatry|Telly|C|Nader
32545|Geriatric Medicine|Elvie|A|Gibson
16111|Hematology|Madyson|A|Pollich
3455|Cardiology|Mitchel|A|McKenzie
67688|General Practice|Emiliano|B|Koepp
7407|Geriatric Medicine|Lane|A|Jerde
11643|Urology|Kayden|C|Kiehn
70263|Unknown Provider|Xander|A|Anderson
64411|Nephrology|Darrin|C|Becker
19958|Unknown Provider|Dustin|A|Oberbrunner
33613|Rheumatology|Ludie|B|Macejkovic
82718|Chiropractic|Karley|B|Steuber
15032|Psychiatry|Geovanny|B|Huel
71467|Internal Medicine|Mya|C|Beahan
96118|Geriatric Medicine|Darrin|A|West
87070|Gastroenterology|Otho|C|Weber
37992|Urology|Dan|C|Witting
7807|Psychiatry|Jailyn|B|Kling
4344|Urology|Bettie|A|Ullrich
95867|Geriatric Medicine|Sebastian|C|Bashirian
58943|Nephrology|Harrison|A|Wolf
95388|Psychiatry|Bethel|A|Cummings
52631|Nephrology|Ellie|C|Feest
46951|Optometry|Kristy|C|Witting
87075|Optometry|Cole|C|Reichel
15674|Gastroenterology|Ashlee|A|Dare
20120|Optometry|Toney|A|Blanda
46871|Optometry|Diamond|C|O'Reilly
91360|Unknown Provider|Marianna|C|King
61148|Psychiatry|Vidal|C|Harvey
1667|Nephrology|Keara|B|Turner
68004|Optometry|Mortimer|C|Brown
13270|Rheumatology|Macey|C|Dibbert
1366|Unknown Provider|Jarred|B|Halvorson
92849|Hematology|Tyrique|C|Nikolaus
24003|Hematology|Selina|B|Johns
12871|Sports Medicine|Pearline|C|Hilpert
54100|Cardiology|Monica|C|Ondricka
96072|Urology|Rhoda|A|Friesen
68712|Internal Medicine|Makenna|B|Kertzmann
90978|Rheumatology|Eldred|A|Davis
25619|General Practice|Agustina|A|Baumbach
52212|Geriatric Medicine|Urban|A|Morissette
69141|General Practice|Claudie|C|McGlynn
99787|Unknown Provider|Fae|C|Crooks
33504|Optometry|Thad|A|Nienow
73500|Internal Medicine|Rosie|B|Shields
71529|Internal Medicine|Edyth|B|Conn
30330|Urology|Gaston|A|Durgan
88258|Chiropractic|Chase|A|Heller
77368|Optometry|Stanley|B|Cummings
93890|Sports Medicine|Guadalupe|C|Armstrong
12355|Urology|Brielle|C|Rodriguez
75574|Hematology|Helmer|A|McGlynn
47489|Rheumatology|Evans|A|Heaney
5594|Urology|Eulalia|A|Wehner
69177|Internal Medicine|Hope|A|Mann
79748|Nephrology|Tate|C|Bashirian
28477|Nephrology|Ebony|C|Vandervort
52588|Chiropractic|Retta|C|Prohaska
21672|Internal Medicine|Hilma|A|Gottlieb
64153|Optometry|Corbin|A|Gottlieb
65666|Nephrology|Nathanael|A|Rowe
94196|Optometry|Charity|B|Dibbert
90683|Hematology|Lennie|C|Kunde
68504|Gastroenterology|Garret|B|Mann
86108|Optometry|Yvonne|C|Haag
92152|Rheumatology|Dean|A|Dibbert
55219|Sports Medicine|Victoria|A|Zieme
69926|Gastroenterology|Hulda|A|Veum
35951|Internal Medicine|Xavier|A|McLaughlin
29984|Rheumatology|Rose|C|Bogan
51183|Unknown Provider|Mac|C|West
28981|Psychiatry|Susanna|C|Schowalter
68370|Rheumatology|Winnifred|C|Bartoletti
45259|Dermatology|Elmo|B|Kuhn
82994|Urology|Leatha|C|Schaefer
99487|Urology|Anne|B|Zboncak
40510|Urology|Joanny|B|Glover
46203|Internal Medicine|Reilly|B|Kiehn
98990|Optometry|Santiago|B|Bosco
44265|Cardiology|Drew|B|Littel
45676|Cardiology|Carli|A|Harber
22019|Rheumatology|Allene|B|Bosco
52412|Nephrology|Aubree|B|Gleichner
91260|General Practice|Bill|C|Jacobs
13966|General Practice|Nicolas|C|Nolan
52259|Cardiology|Landen|A|Wilderman
26946|Rheumatology|Betsy|B|Murazik
3165|Optometry|Fabiola|B|Olson
30281|Rheumatology|Florine|C|West
45997|General Practice|Eliane|B|Walter
667|Gastroenterology|Willis|A|Grant
69072|Gastroenterology|Jovany|A|Denesik
10994|Hematology|Jett|C|Wolf
78159|Chiropractic|Brent|B|Mohr
99641|Urology|Alden|A|Hilll
13816|Urology|Frankie|A|Volkman
74184|Urology|Isai|A|O'Reilly
84338|Urology|Keshaun|B|Stehr
56273|Internal Medicine|Ernesto|C|Moen
41847|Geriatric Medicine|Keith|C|Lockman
82925|Nephrology|Carolanne|B|Sauer
31235|Nephrology|Dave|A|Abernathy
1395|Internal Medicine|Harvey|C|Zulauf
60893|Urology|Karolann|C|Purdy
58188|Psychiatry|Rey|A|Mann
32842|Unknown Provider|Gwen|A|Reynolds
574|Nephrology|Jana|C|Beatty
70395|Hematology|Jorge|B|Stark
7334|Optometry|Santos|A|Mayert
7057|Chiropractic|Candace|B|Shields
72855|Dermatology|Isabelle|A|Blick
61171|Optometry|Jane|B|Fay
9701|Urology|Roslyn|B|Cartwright
46410|General Practice|Tatum|B|Cummerata
72599|Nephrology|Erwin|C|Harvey
58681|Internal Medicine|Carol|C|Stamm
65213|Urology|Furman|C|Reilly
13046|Urology|Arvilla|B|Heller
91619|Cardiology|Amie|B|Wolf
94425|Urology|Cicero|A|Kuhic
39025|Dermatology|Tatum|A|Goldner
49052|Geriatric Medicine|Humberto|A|Farrell
77471|Psychiatry|Alfredo|C|Haag
65995|Nephrology|Davin|C|Fadel
57954|Optometry|Camila|B|Bergstrom
19591|Internal Medicine|Filiberto|B|Pouros
204|Geriatric Medicine|Jaiden|C|Bradtke
23276|General Practice|Devante|B|Funk
94282|General Practice|Cyrus|C|Gutmann
59669|Hematology|Adrian|A|Purdy
82177|Dermatology|Mariela|B|McGlynn
17402|Cardiology|Julie|C|Schmitt
78208|Dermatology|Gudrun|A|Walker
15440|Urology|Timmy|C|Willms
99260|General Practice|Easton|A|Donnelly
15755|Nephrology|Mozelle|A|Zieme
84443|Nephrology|Leonardo|C|Koepp
6506|Hematology|Frank|A|Kshlerin
79404|Urology|Kendra|B|Cole
42099|Urology|Lizzie|C|Reynolds
60491|Rheumatology|Gunnar|A|Reichert
76928|Optometry|Christiana|A|Osinski
21227|Cardiology|Kathlyn|A|Berge
92591|Sports Medicine|Gordon|B|Lubowitz
36635|Unknown Provider|Leatha|A|McKenzie
89062|Urology|Tanya|B|Klein
642|Cardiology|Jazmyn|A|Tremblay
13871|Hematology|Patricia|C|Kerluke
66072|Sports Medicine|Ubaldo|B|Will
25817|Rheumatology|Rickie|B|Kunde
33645|Cardiology|Khalil|C|Corkery
81128|Rheumatology|Lue|A|Weimann
80304|Hematology|Hosea|B|Funk
82648|Dermatology|Renee|C|Daugherty
86360|Dermatology|Abdullah|A|Leffler
99873|Urology|Izaiah|C|Lockman
5880|Hematology|Susie|B|Gibson
19534|Hematology|Elsie|A|Collins
25306|Rheumatology|Taylor|A|Bartell
34445|Rheumatology|Leonor|C|Funk
3518|Rheumatology|Jayda|B|Reinger
86202|Psychiatry|Kira|C|Lakin
15141|Nephrology|Ottilie|A|Thiel
12360|Gastroenterology|Marge|C|Barton
11577|Urology|Keyon|C|Dooley
33580|Nephrology|Clementine|A|Braun
22752|Nephrology|Heaven|A|Effertz
34153|Dermatology|Rae|B|Mraz
98911|Internal Medicine|Alfred|A|Nienow
2282|Dermatology|Adan|C|Gibson
10682|Urology|Cynthia|C|Boyle
94667|Cardiology|Easton|B|Gleason
22342|Urology|Elenora|A|McGlynn
54240|General Practice|Gwendolyn|B|Sporer
68454|Geriatric Medicine|Cecil|B|Lind
24367|Dermatology|Kali|C|Mante
73737|Urology|Margot|A|Legros
77373|Internal Medicine|Jacklyn|A|Smith
57308|Urology|Tabitha|C|Walsh
36840|Urology|Fritz|C|Hills
65278|Rheumatology|Zelma|A|Turcotte
87903|Sports Medicine|Luisa|A|Zulauf
55504|Urology|Catharine|C|Rolfson
62070|Geriatric Medicine|Waylon|B|Fisher
65475|Cardiology|Bryon|C|Cummings
66204|Cardiology|Roscoe|C|Zemlak
55019|Sports Medicine|Violette|A|Rowe
88772|Urology|Kristofer|B|Hackett
18337|Urology|Zane|C|Grant
44747|Urology|Luigi|B|Hermiston
61722|Dermatology|Blaise|B|Turcotte
467|Internal Medicine|Lorna|C|Okuneva
93355|Gastroenterology|Alice|A|Gerhold
12681|General Practice|Anya|A|Cormier
97797|Urology|Derrick|B|Runolfsdottir
14562|Gastroenterology|Ernestina|C|MacGyver
90612|Rheumatology|Clotilde|C|Gorczany
505|Nephrology|Delores|B|Schmidt
89108|Gastroenterology|Robbie|C|Schinner
42339|Gastroenterology|Bella|A|Wyman
61538|Internal Medicine|Mona|C|Dare
56332|Psychiatry|Dorris|B|O'Kon
64612|Dermatology|Talia|A|Larkin
13377|Chiropractic|Kaley|C|Reilly
33282|Nephrology|Angelita|A|Schuster
48291|Unknown Provider|Bessie|B|Moen
1162|Unknown Provider|Branson|B|Stiedemann
52910|Urology|Adriana|B|Reynolds
81969|Rheumatology|Jeremy|B|Mohr
78529|Internal Medicine|Jalon|B|Doyle
83857|Hematology|Maida|C|Krajcik
73212|Hematology|Karolann|A|Oberbrunner
41047|Nephrology|Linnea|A|Goodwin
19490|Geriatric Medicine|Eulalia|C|Breitenberg
19891|Dermatology|Dayton|A|Klein
70510|Psychiatry|Van|C|Schowalter
10913|Optometry|Crystal|B|Jakubowski
38293|Chiropractic|Brad|B|Greenholt
72218|Internal Medicine|Katlyn|A|Graham
81649|Hematology|Cecilia|B|Willms
38392|Rheumatology|Mckenna|A|Schaden
16601|Geriatric Medicine|Sydni|B|Shields
82014|Chiropractic|Tanya|B|Douglas
78897|Gastroenterology|Kaitlyn|C|Schmitt
31452|Optometry|Felicity|A|Sporer
23613|Optometry|Myah|C|Weimann
20049|Rheumatology|Harmony|A|Yost
63970|Chiropractic|Marisol|C|Jaskolski
15865|Urology|Emiliano|A|Yundt
11039|Dermatology|Viviane|B|Huels
25239|Dermatology|Dolores|C|Hartmann
89929|Psychiatry|Gussie|C|Hirthe
36241|Cardiology|Madelynn|C|Barrows
41496|Gastroenterology|Newton|C|Lemke
50866|Chiropractic|Erwin|C|Lind
38527|Hematology|Joy|B|Cole
58075|Chiropractic|Ramona|A|O'Reilly
6101|Cardiology|Deja|B|Walsh
75558|Sports Medicine|Gillian|A|Ratke
22435|Cardiology|Raoul|A|Roberts
72755|Hematology|Adelbert|A|Watsica
42106|Unknown Provider|Keven|B|Jakubowski
81569|Unknown Provider|Dorian|B|Abernathy
82527|Cardiology|Giovanni|A|Kuvalis
91936|Nephrology|Luther|B|Bruen
67012|Hematology|Javon|C|Wisozk
58064|Internal Medicine|Birdie|B|Kozey
61567|Cardiology|Duane|C|Kautzer
83519|General Practice|Winona|B|Satterfield
84269|Optometry|Kevin|B|Jast
79522|Psychiatry|Queenie|B|Schoen
49300|Hematology|Jamaal|C|Bayer
13340|Cardiology|Domenica|B|Hilll
5473|Optometry|Nakia|A|Jacobson
82536|Rheumatology|Sheldon|C|Marks
11024|Rheumatology|Nia|A|Hermiston
22200|Urology|Sylvester|A|Friesen
145|Cardiology|Roy|C|Nader
81481|Psychiatry|Kayla|B|Borer
93401|Unknown Provider|Santos|A|Spinka
28342|Rheumatology|Robert|C|Hermiston
23018|Rheumatology|Javier|A|Collier
35963|Geriatric Medicine|Mabel|B|Ebert
31690|Optometry|Richard|C|Kling
83007|Nephrology|Frank|A|Bashirian
87737|Optometry|Jake|A|Hilll
25817|Nephrology|Kay|B|Stark
3292|General Practice|Edward|B|Mueller
6121|Dermatology|Alexzander|C|Bosco
13073|Geriatric Medicine|Richard|B|Bednar
66308|Nephrology|Eino|C|Mann
21271|Sports Medicine|Asha|A|Stokes
60696|Sports Medicine|Uriel|A|Bartell
32346|Unknown Provider|Jazmin|C|Roberts
89013|Unknown Provider|Marisol|C|Thiel
402|Hematology|Shanel|A|Hodkiewicz
99126|Psychiatry|Jerrell|B|McCullough
94952|Sports Medicine|Jordan|C|Quigley
68981|Rheumatology|Floy|C|Hermann
67679|Optometry|Leslie|C|Homenick
36980|Urology|Alexzander|A|Koepp
36043|Hematology|Asha|A|Powlowski
98350|General Practice|Giovanni|A|Reichel
56860|Sports Medicine|Fae|B|Rice
84235|Optometry|Jorge|C|Kutch
21514|Dermatology|Maci|C|Sanford
50210|Sports Medicine|Christophe|A|Nienow
52544|Dermatology|Estefania|A|Parker
39143|Nephrology|Jodie|A|Smitham
58005|Dermatology|Carmella|A|Kihn
9294|Chiropractic|Marjorie|B|Rippin
93616|Chiropractic|Wilton|A|Pfeffer
95503|Nephrology|Alisa|B|Leffler
55763|General Practice|Lupe|A|Runte
69504|General Practice|Muhammad|C|Lakin
56273|General Practice|Joshua|A|Gleason
89784|Optometry|Morris|B|Kuphal
4417|Sports Medicine|Herman|B|Koss
43904|Gastroenterology|Bettye|C|Greenholt
22219|Gastroenterology|Sonny|B|Hettinger
77969|Gastroenterology|Maribel|A|Schowalter
86440|Geriatric Medicine|Vallie|C|Bauch
33182|Gastroenterology|Uriel|C|Stehr
6145|Sports Medicine|Aaliyah|B|Thiel
71519|Cardiology|Devyn|C|Lueilwitz
66094|Sports Medicine|Phyllis|B|Lebsack
56510|Hematology|Millie|C|Breitenberg
10409|Chiropractic|Mikel|A|Brown
17131|Optometry|Lysanne|B|Kris
7189|Sports Medicine|Corine|A|Brown
35416|Rheumatology|Hipolito|A|Kunde
98205|General Practice|Reynold|B|Gutkowski
9002|Nephrology|Orval|C|Zulauf
20934|Psychiatry|Shannon|C|Herzog
83892|Cardiology|Oceane|C|Kuvalis
38621|Sports Medicine|Loyal|A|Mertz
58140|Cardiology|Rocio|B|Williamson
87828|Cardiology|Blanche|C|Parker
90305|Rheumatology|Davin|A|Stroman
60723|Internal Medicine|Aniya|C|Weissnat
97858|General Practice|Finn|C|Willms
27666|General Practice|Dixie|C|Conn
53333|Gastroenterology|Hilbert|C|Simonis
87784|Psychiatry|Mauricio|C|Wisoky
5304|Urology|Mercedes|B|Miller
48192|Nephrology|Connie|C|Hegmann
5923|Hematology|Lulu|C|Oberbrunner
54746|Psychiatry|Linda|A|Crist
16935|Hematology|Trisha|A|Zulauf
71888|General Practice|Coy|C|Luettgen
40133|Sports Medicine|Everett|C|Gerlach
47830|Rheumatology|Olin|B|Gusikowski
8918|Dermatology|Madalyn|C|Lueilwitz
64373|Geriatric Medicine|Jaylan|C|Pouros
36884|Geriatric Medicine|Valentin|B|Koepp
38186|Dermatology|Melissa|A|Dickens
4236|Internal Medicine|Bailey|B|Upton
42209|Rheumatology|Jarrod|B|Williamson
81335|Urology|Madyson|C|Labadie
52837|Urology|Dino|B|MacGyver
42612|Hematology|Wilson|A|Schaden
67167|Hematology|Retta|C|Borer
94995|Urology|Flo|B|Koelpin
80730|Geriatric Medicine|Nickolas|C|Heidenreich
57622|Gastroenterology|Savion|C|Hessel
31957|Optometry|Kaitlyn|A|Mohr
38230|Geriatric Medicine|Arden|A|Gibson
71509|Cardiology|Marvin|B|Barrows
47849|Urology|Jayde|A|Dietrich
44765|Gastroenterology|Alice|C|Moore
10475|Hematology|Marilou|B|Cole
10184|Dermatology|Summer|A|Rowe
20346|General Practice|Chanelle|B|Reichel
65399|Geriatric Medicine|Melba|C|Gislason
63596|Gastroenterology|Brandt|A|Robel
51385|Unknown Provider|Pedro|B|Harber
84720|Sports Medicine|Moises|B|Roberts
98262|Cardiology|Tre|B|Reichel
22600|Cardiology|Darion|C|Crona
82779|Geriatric Medicine|Claudine|A|Ebert
88240|Urology|Ova|C|Moore
63630|Sports Medicine|Tremayne|B|Feest
54612|Rheumatology|Abigail|A|Harris
39347|Rheumatology|Ursula|C|Frami
29523|Sports Medicine|Katarina|B|Quitzon
60417|Optometry|Bella|A|Kreiger
76003|Dermatology|Holly|B|Ziemann
13020|Dermatology|Jordane|A|Wolff
410|General Practice|Raquel|B|Klein
16578|Rheumatology|Rasheed|A|Conroy
96222|General Practice|Pansy|B|Botsford
99795|Optometry|Concepcion|A|Windler
38946|Optometry|Leonor|B|Monahan
93711|Optometry|Kailey|A|Larkin
99553|Urology|Aletha|C|Okuneva